1063750,why did the us volunterilay enter ww1,ww fact hours,volunteer eport sign,enter eport hadn
148538,difference between rn and bsn,difference register nurse,bachelor science nurse,accredit nurse program bachelor,nation council lisence exam,art science nurse,bachelor burse certificate,difference exam rn bsn,course four degree nurse,difference nurse art nurse,degree bsn nurse course
573724,what are the social determinants of health,determinants distribution infancy,social determinants Cities,social avoidable emphasis,social Health policy,social impact differences,determinants physical definition,social Socioeconomic work,determinants SDOH status,health social SDOH,health money determinants
87181,causes of left ventricular hypertrophy,hypertrophy Enlargment left,ventricular LVH left,left VH Ventricular,left Hugo makes,ventricular comparing physiologic,hypertrophy thickening French,left thickening attack,left Losing LVH,ventricular lower Ventricular,left chamber catch
962179,when was the salvation army founded,army Salvation answers,army retail Rehabilitation,army Ave donations,founded donations Retail,founded inquiries tab,salvation close email,founded Support Media,army Washington assistance,founded inquiries Army,army public thrift
833860,what is the most popular food in switzerland,popular Switzerland Weather,popular Names EUR,switzerland datas popular,switzerland located Names,popular Weather currency,popular Boys central,switzerland currency CHF,popular show Swiss,popular Girls Baby,popular cuisine probability
1114819,what is durable medical equipment consist of,consist DME conditions,durable Medical therapeutic,consist Durable items,equipment Durable Description,equipment Medical Equipment,consist therapeutic Equipment,equipment shorthand patient,durable items Medicare,durable customarily Supplies,consist Carriers Durable
443396,lps laws definition,norms law moral,lps Imperative formed,laws Generally norms,norms situations time,norms principles situations,lps formalized group,laws lp allowing,lps cover conflicting,laws Ethyl folkway,lps deviance formed
451602,medicare's definition of mechanical ventilation,ventilation means,ventilation achieve,ventilation Mechanical,ventilation climate,mechanical term,ventilation replace,ventilation Weight,mechanical blowers,mechanical illness,mechanical Mechanical
915593,what types of food can you cook sous vide,vide sous extent bag,vide fact BPA mis,vide cooking wildest temperature,vide recipes concept work,cook lower technique plastic,cook special Vacuum Food,food Food Slow extent,sous Precision immersed sealed,sous cooking method watermelon,sous pot association sous
207786,how are some sharks warm blooded,blooded cold query,sharks warm addition,warm blooded colder,warm fish result,blooded tip blooded,sharks advantages water,sharks warmer Hawaii,sharks Bull inside,blooded shorelines unofficially,sharks hotblooded size
19335,anthropological definition of environment,anthropological concerned field,data range perspectives,data perspectives accords,anthropological field social,data medicolegal Archaeology,data importance application,environment biology scientific,data biology application,anthropological social data,environment cultural dimensions
359349,how to find the midsegment of a trapezoid,midsegment base equal,trapezoid finding legs,find half sum,trapezoid red trapezoid,trapezoid calculated side,trapezoid parallel midline,midsegment transversals base,trapezoid quadrilaterals segment,midsegment trapezoid joins,midsegment segment calculated
1133167,how is the weather in jamaica,weather Bay,weather West,jamaica parts,weather forecast,jamaica Greater,jamaica planning,jamaica Jamaica,weather Montego,weather close,weather January
1114646,what is famvir prescribed for,famvir famciclovir,famvir acyclovir,famvir cold,famvir ob,prescribed HSV,prescribed intravenous,famvir cmv,prescribed healthcare,prescribed respond,famvir speed
1117099,what is a active margin,active TECTONICS,margin spreading,margin mountains,margin mountains,margin companies,margin maximize,active examination,active volcanoes,margin place,active floor
264014,how long is life cycle of flea,long fleas dormant annihilates,flea cycle pupae larva,long weather lays choice,long vets eggs industry,life Growth allowed long,long tough phase consecutive,cycle application pupae methoprene,flea average stage specialist,flea life appearance months,flea cocoons click Optimum
490595,rsa definition key,rsa replace transmission,key RSA version,rsa IOS session,rsa Security public,key factor decryption,related prompted private,key key public,rsa prime key,related prompted transmitting,rsa router related
131843,definition of a sigmet,sigmet text SIGMET safety,sigmet airmet turbulence pilot,sigmet area airmet TAF,sigmet Significant airmet safety,sigmet aircraft hazardous icing,sigmet conditions country sand,sigmet includes Definition embedded,sigmet forecasting pilot extreme,sigmet turbulence airmet originated,sigmet airmet provided observation
1106007,define visceral?,define visceral,visceral peritoneal,define parietal,define shiny,visceral reflexive,define instinctive,define Identify,define instinctive,visceral defined,define nervous
1037798,who is robert gray,robert cameo,gray Frostian,robert Governor,gray kilometers,robert Frostian,gray race,robert West,robert son,gray County,gray GRK
156493,do goldfish grow,grow grow,grow stunted,grow goldfish,grow Fancy,grow conditions,grow tank,goldfish reach,grow inches,grow stunted,goldfish die
489204,right pelvic pain causes,pain region,pelvic Depending,pain appendicitis,pelvic Pain,pelvic muscles,pain symptoms,pelvic Pain,pelvic Abdominal,pain common,pelvic fibroids
1121709,what are the three percenters?,percenters people change minerals calcium tax,percenters order formula intake magnesium understand,percenters problem deviation pure good percent,percenters probability adult annual fore iron,percenters loses increase Marginal fore involves,percenters attacks daily loses jelly extent,percenters extent change Methodist understand ethnic,percenters prior change health formula Filipino,percenters adult Royal change extent return,percenters riboflavin gains formula reductions making
146187,difference between a mcdouble and a double cheeseburger,mcdouble meat release lower,double slices saturated cheese,mcdouble SuperSonic McCheese cents,cheeseburger Cheesburger cheeseburger hamburger,difference ketchup Menu difference,difference cheeseburger double McDouble,double carbs mustard meat,cheeseburger recent Deluxe Dollar,mcdouble patties main McDonald,cheeseburger Greatest arent double
405717,is cdg airport in main paris,airport approximately Roissypole de,city Dame Airport Charles,paris CDG RER LFPG,airport Roissypole ORY opposite,city Airport slightly Roissypole,airport International Paris km,cdg sunny Gaulle travel,city Gaulle approximately dominant,city city obvious leisure,airport nearest Airport de
1124210,tracheids are part of,tracheids photosynthesis,tracheids xylem,part lignified,tracheids tracheary,tracheids plants,part xylem,tracheids fibres,part seedless,tracheids functional,tracheids transport
1110199,what is wifi vs bluetooth,bluetooth utilize,wifi outdoor,wifi transferring,wifi telephones,wifi transmitter,bluetooth wirelessly,bluetooth deskstop,bluetooth fscklog,bluetooth router,bluetooth Network
527433,types of dysarthria from cerebral palsy,cerebral severity common,dysarthria limited impairments,palsy Spastic Cerebral,cerebral dystrophy weakness,cerebral ataxic characterized,cerebral voluntary type,palsy Spastic outwardly,dysarthria muscular involves,cerebral dystrophy Spastic,dysarthria called Cerebral
855410,what is theraderm used for,theraderm Theraderm expertise actively products dermatologists,theraderm Arkansas aging skin boosts care,theraderm case Beckman brand Beckman acne,theraderm System Beckman barrier company care,theraderm care surgeon James ability skincare,theraderm care draw Beckman anti brand,theraderm interesting Arkansas boosts plastic promoted,theraderm Dr products clinical barrier promoted,theraderm actively rate surgeon boosts skincare,theraderm site actively image brand actively
104861,cost of interior concrete flooring,cost dollars Flatwork Concrete,cost interior cost popularity,flooring yard company psi,concrete psi exterior walkways,concrete comfort project options,cost primer Pricing primer,flooring interior Stained pour,interior foundations depends foot,cost choice Floors pour,flooring quick installation slab
1103812,who formed the commonwealth of independent states,independent Tasmania republic states,independent Great status regard,states Soviet features allegorical,commonwealth independent common independent,independent COGs states hosted,independent joined sovereign independent,states states individually Belovezh,independent Queen states Malta,formed political states Court,independent versus Soviet LIST
183378,exons definition biology,biology formation transcript,exons place sequence,biology messenger messenger,biology exons joined,related splicing thousands,exons nucleic gene,related related biology,biology gene DNA,biology gene related,biology Introns portion
47923,axon terminals or synaptic knob definition,axon conduct knobs vesicles neuron,knob areas referred terminals knobs,synaptic axon Presynaptic ends located,synaptic ends axon term myoneural,synaptic dendrites noun part axon,terminals synaptic travel commonly membrane,synaptic cell knobs action terminals,knob sheath neurotransmitter effector terminals,synaptic located distal ends synapse,knob effector synapse body terminals
87452,causes of military suicide,military recent,suicide published,suicide homelessness,suicide committed,military accidents,military peers,suicide payable,suicide Military,suicide Pentagon,suicide row
1129237,hydrogen is a liquid below what temperature,liquid handle Hydrogen,temperature temperature agent,temperature vaporized cold,hydrogen Interesting unexpected,hydrogen employees involved,hydrogen gas storage,hydrogen soluble Transferring,hydrogen metal cases,liquid oil endoscopes,liquid heavier point
1113437,what is physical description of spruce,physical Chaucer Thoughts,physical morals Thoughts,spruce Parson give,spruce Blue branchlets,physical cone Resources,spruce huge pungens,spruce info National,description conifer Parson,physical year Picea,spruce conical pungens
182539,example of monotonic function,function preserves,function Monotonic,monotonic nondecreasing,function input,monotonic definition,monotonic subset,function values,function SQL,monotonic Function,monotonic defined
1115776,what is an aml surveillance analyst,aml Aml,analyst BSA,aml Classification,aml Analyst,analyst anti,aml World,aml guidance,aml KYC,analyst jobs,aml Hired
130510,definition declaratory judgment,judgment favor,declaratory adequate,judgment parties,judgment civil,declaratory Action,declaratory parties,judgment judgment,declaratory commonly,declaratory declaratory,judgment judgment
1121402,what can contour plowing reduce,reduce soil land,reduce irrigation contour,contour planting contour,plowing erosion contour,plowing natural translations,reduce minimizing breaks,plowing ploughing easier,reduce increasing word,plowing soil techniques,reduce create Freebase
168216,does legionella pneumophila cause pneumonia,pneumonia pneumophila Legionella,pneumonia antigen Haemophilus,pneumonia infection atypical,pneumophila psittaci Legionnaires,pneumonia bacterial Mycoplasma,pneumophila Legionnaires pneumonia,pneumonia pneumonia Legionnaires,legionella pneumonia Legionnaires,legionella include Legionella,pneumonia Chlamydophila severe
1112341,what is the daily life of thai people,people people SANUK Thailand,thai eat rapcore lose,daily villages Thai seek,thai Values northeast hunted,people check comprehend official,thai language Yoy native,thai family background Tai,life official Day directly,daily Nutrition anger start,daily subject diet language
324585,how much money do motivational speakers make,money deals Speakers money,make number programs gig,make Speakers meaningful job,speakers depending feel intended,make job honest makes,make Poll Speakers represents,speakers gig author stand,motivational percent employees makes,motivational assemblies percent shared,motivational good database annually
1121353,what can you do about discrimination in the workplace in oklahoma city,discrimination harassment victim discrimination,city Telecommunications file gender,discrimination harassment subtle employer,oklahoma unfavorably harassment gender,city age apply Data,city ordinances lesbian workplace,oklahoma OHRC city home,workplace gender race broke,city city Telecommunications Mapping,discrimination Geomatic reasonable grounds
1106979,define pareto chart in statistics,statistics Quality Vilfredo,chart Basic based,chart template Whisker,pareto focus essence,pareto troubleshooting centaury,pareto Reading Economist,statistics Control Construct,pareto Chart Quality,pareto lengths Histogram,chart odd centaury
121171,define etruscans,etruscans definition development question,etruscans Volaterrae Etruria Etruscans,etruscans Rome Phoenicians underworld,etruscans Golini Etruria Etruria,etruscans influence local definition,etruscans pre difference Architecture,etruscans plan Sybille visibility,etruscans allied homonymous BC,etruscans Laurence exact conquerors,etruscans means Caisra Italy
911232,"what type of conflict does della face in o, henry the gift of the magi",della gift irony st bad comb,magi end della sold cent conflict,magi turn story story ability Guy,magi sell gift replaces morel Jim,gift Young irony della ability conflict,della Jim buy movie movie ball,gift morel appears della gave chain,gift gift Necklace winter useless Source,magi della supposedly short Sydney zoom,gift Maupassant Henry meaningful narrator comb
1043135,who killed nicholas ii of russia,killed Yurovsky heir union,russia Bedroom group Alexander,ii russia revolution disinterest,russia Russian civil tsar,ii Bolsheviks birth II,ii Nikolai seized Romanovs,ii family Alexander sixth,killed historians Olga Aratherlongword,ii Woefully serving agree,killed Empress Biography agree
330975,how much would it cost to install my own wind turbine,wind seasons million kw,install scale wind effective,install installed commercial action,cost million natural cost,cost blows capacity company,cost consistantly approximately roughly,install produce roughly watt,turbine ridge blows bergey,wind commercial watt capacity,install vents project commercial
1116380,what is a nonconformity? earth science,earth disconformity,nonconformity Mental,nonconformity Dictionary,earth usage,nonconformity dipping,earth detection,nonconformity wafer,earth case,earth practice,earth definition
1064670,why do hunters pattern their shotguns?,shotguns shotgun means,hunters nAn works,pattern patterning hunters,pattern familiarized task,pattern reaps gun,hunters intense hunters,hunters wide capture,shotguns performance angel,shotguns shoot Cartridge,shotguns patterning nAn
1122767,what amino produces carnitine,produces red amino,produces essential body,produces ALCAR body,carnitine Keto significant,amino system convert,carnitine niacin acetyl,carnitine convert carnus,produces acetyl flesh,produces acetyl body,carnitine Lysine Lysine
877809,what metal are hip replacements made of,made socket bones titanium,replacements hip metal arthritic,metal relief big recalled,metal steel socket joint,made replacement ball years,hip resurfacing prosthetic include,made made surgeries recommend,metal devices properly components,replacements removed expected steel,metal metal artificial head
1071750,why is pete rose banned from hall of fame,rose future Reggie mess Olbermann,hall rejects Cooperstown Rose memorabilia,hall Facts baseball shutout Cooperstown,pete year baseball Commissioner noting,fame greatest Major reaction Hall,rose party fully player problem,rose life alive sport baseball,fame Brennaman Rose ban Cueto,banned Olney NFL Cooperstown Hustle,pete Fame Confidence MLB shares
1113256,what is reba mcentire's net worth,mcentire Worth Net born,mcentire Videos rodeo Oklahoma,worth Worth born March,net listen Reba March,mcentire career Reba split,reba dollars Reba Bra,net born Worth manager,reba Age Reba country,worth popular Worth Worth,net Annual months total
940547,when did rock n roll begin?,roll daddy Father,begin contributed iTunes,begin sweet met,begin roll washed,rock African culture,roll rock RealClearHistory,roll jolly influence,roll rock King,rock silly dance,begin town footsteps
47210,average wedding dress alteration cost,wedding cost Questions depends price,average Channel Beware Questions wedding,cost average uestions bride Bridal,cost plain cost alteration alteration,dress alteration craftsmanship ultimately statistics,wedding expertise cost experience materials,cost involved alteration cost statistics,alteration surveys complexity alteration dollar,wedding average alteration complexity Guide,cost Leave average offering varies
23849,are naturalization records public information,records background Spokeo Exemptions,public finding sensitive records,information Foreclosure types open,citizenship state information City,records ceritificate cases records,citizenship Offices accurate search,records Legal records public,records marriage seek huge,citizenship records single Zillow,information disclosure assured records
1131069,how many sons robert kraft has,kraft AP NFL,robert Chairman father,sons Robert Boston,kraft Myra Worth,sons development philanthropist,robert entertainment estate,kraft Kraft born,sons multi Billion,robert Daniel father,sons Jonathan Daniel
914916,what type of tissue are bronchioles,tissue lung,tissue lung,tissue cartilage,tissue bronchi,bronchioles sa,bronchioles disease,bronchioles popcorn,tissue fibrous,tissue conduct,bronchioles smooth
1115210,what is chaff and flare,flare aircraft,chaff Esterline,chaff Contemporary,flare altitudes,flare straw,flare highly,chaff end,chaff forced,chaff Motor,flare countermeasures
174463,dog day afternoon meaning,afternoon Sign afternoon,dog Flickchart tickets,day day Red,afternoon Jesus dogs,dog dogs movie,dog Additionally refer,dog Enter Cowboy,dog naps learners,day Dean high,day theaters commentary
1127540,meaning of shebang,shebang organization hashbang things,shebang Whizbang involved shebang,shebang framing hole facts,shebang large chairman primitive,shebang vast DIAMETER decide,shebang door facts meant,shebang definition dimensions door,shebang contrivance entire Whizbang,shebang set entire contrivance,shebang sequence Computer fit
405163,is caffeine an narcotic,caffeine barbiturate,caffeine codeine,narcotic acetaminophen,caffeine codeineroper,narcotic guide,narcotic symptoms,narcotic codeine,caffeine butalbital,caffeine addiction,caffeine ingredient
1109707,what medium do radio waves travel through,medium angles vacuum ve,travel travel medium fields,radio sound creating medium,radio rope magnetic radio,medium radio mechanical kerry,medium extent electromagnetic radio,radio electric ve travel,radio medium electromagnetic form,radio electric particles radio,waves travel momentum frequency
390360,ia suffix meaning,ia Chemistry,suffix phrenoblabia,ia Economics,suffix girls,ia Sarah,ia Sarai,suffix suffix,suffix terms,suffix pontobulbia,ia disease
118440,define bmt medical,treatment morbidity,treatment Worldwide,bmt Buprenorphine,bmt Brooklyn,bmt subway,treatment OAC,treatment bismuth,treatment Dorm,treatment omeprazole,treatment subway
997622,where is the show shameless filmed,show Showtime lyrics,filmed actresses Shameless,shameless neighborhood Louis,filmed aired report,filmed Extras Louis,filmed remake primarily,show report main,shameless Chicago special,filmed Los Mad,show primarily show
258062,how long does it take to remove wisdom tooth,wisdom Wisdom erupted days,wisdom anesthetic symptoms complications,long nicely Tooth report,wisdom Removal dentist long,tooth weeks decision Dependson,wisdom Dependson Surgical Removal,wisdom Surgical dentist disease,wisdom unusual Surgical holes,wisdom eat carried smoke,remove condition condition rays
938400,when did family feud come out?,feud Celebrity,family web,feud premiere,family generations,family host,family stage,feud Channel,feud Family,feud primetime,feud based
169208,does mississippi have an income tax,tax Tax obligations,income state Gains,income return state,tax gambling winnings,tax Income predicted,income Department Federal,mississippi subject casinos,income exempt efile,tax expanded View,tax brackets Income
1051399,who sings monk theme song,song Questions Park Remy,sings Song fades ps,song Phantom Mathis sees,sings Monk Invincible movie,song Linkin Torkelsons Beal,song Randy Adelitas Lola,song Salvay Song controversy,song performed Sings minor,monk Cena change Marci,theme Iron Salvay Iron
730539,what is chronometer who invented it,chronometer marine,chronometer instrument,invented block,chronometer marine,chronometer sea,invented marine,chronometer Omega,invented astrolabe,chronometer travel,chronometer Arnold
135802,definition of laudable,laudable policy charity definition terror,laudable constructive reporting remains ambition,laudable superlative embarrassment oppose proper,laudable coordination Laurent situation save,laudable information sense dealing protective,laudable accomplish adjective goal balanced,laudable party attack save praiseworthy,laudable children tending world thing,laudable principle doubt refers charity,laudable charity laudable charity oddly
1037496,who is rep scalise?,scalise Schilleci,rep Rep,scalise questions,rep Orleans,scalise Monday,scalise Tammany,scalise House,rep supremacist,scalise firestorm,rep scrutiny
1105792,define: geon,geon Jeong hypothetical Strawdog,geon primitive objects hypothetical,geon geonim confined meaning,geon held theorized hypothetical,geon simple hypothetical hwa,geon MeSH King Guiyeoni,geon Sino recognized geonim,geon tubing packet polyvinyl,geon external XBLA encyclopedias,geon Character entries boundary
1108651,what the best way to get clothes white,white white,clothes finish,clothes provided,clothes clothes,clothes remove,white machine,white stain,white stain,white permanently,white stubborn
42255,average salary for dental hygienist in nebraska,nebraska expect field Salary Dental,nebraska average Yearly number Labor,salary growing Nebraska lower Alternatively,salary job Michigan earlier real,average Dental nationwide Boston Hygienist,hygienist Salary companies nationwide earn,salary Dental Dental start lower,dental job higher hour Learn,dental average nationwide nationwide postings,salary Nebraska grown MA annually
141630,describe how muscles and bones work together to produce movement,bones flexes surpriseyou muscles bones movement,describe subsequent produce entire called body,work skeleton Anatomical skeletal shorten action,work role contraction pulls type nervous,muscles part skeleton action control moves,bones Finally push strong tendons provided,muscles ligaments Anatomical control unison tendons,work material action relaxes skeleton bones,describe tendons flexes Nutrients muscles pairs,movement concert attached Systems surpriseyou work
673670,what is a alm,alm loader Lifecycle alms HP,alm externally Client management synonyms,alm integrates monitored server install,alm Abbreviated results Client deeds,alm distributing Translation quality export,alm LoadRunner Domain results activity,alm LoadRunner product Start users,alm defined Client machine export,alm deployed Workaround benefaction Web,alm rhyme antonyms AKO Central
1110678,what is the un fao,fao ThreeSixty based fortification FAO Photo,fao Policy company methods Iconic compliance,fao sources Audit owns Ateliers reserved,fao responsible strategy strategy result founder,fao finds Food recommended Choptiany global,fao Food Schwarz common Goodman Agriculture,fao identified Nations ThreeSixty Organization disclose,fao liability months fortification fortification figures,fao United Agriculture years responsible pesticides,fao seller fortification begin Agriculture HQ
1133579,how does granulation tissue start,granulation rich granula,start robust blood,granulation break broken,tissue fibroblasts heals,start damaged flesh,tissue robust prevent,tissue network ranulation,tissue collagen tissue,granulation collagen lumpy,start excess wound
701453,what is a statutory deed,statutory Warranty,deed statutes,statutory Bargain,deed private,statutory Deed,statutory statutes,deed bind,statutory necessity,deed covenants,deed Release
583468,what carvedilol used for,carvedilol good arteries condition carvedilol,carvedilol coreg losartan blood blocker,carvedilol pressure beta gradually failure,carvedilol congestive adrenalin attack shaped,carvedilol Heart Read high doctor,carvedilol reducing starting interaction medications,carvedilol works blood drug sold,carvedilol Consumer pharmacist arteries blocker,carvedilol coreg pharmacist hypertension drug,carvedilol medications blocking pharmacist blood
768208,what is mamey,mamey Mamey beans America,mamey perennial trees aromatic,mamey length growing tropic,mamey papaya Strips milkshakes,mamey salad grown Florida,mamey mammee Central fruit,mamey generally fruit fruit,mamey salad minor brighter,mamey counter pit Cuba,mamey grocery salad flowers
336901,how old is vanessa redgrave,redgrave renowned,redgrave Lynn,redgrave producer,vanessa Isidore,redgrave Girl,vanessa actor,vanessa admitted,vanessa quickly,redgrave remade,vanessa Jun
1132532,average annual income data analyst,average collected Canada quantitative significantly,data income analysts United hourly,data variable postings average job,income earn gathered average interest,average nascent HR gathered variable,average detail photographers data annual,data Montana Montana experience average,analyst country nationwide salary median,average quantitative employ competition type,annual sets show average annual
555530,what are best foods to lower cholesterol,foods lower Similarly,foods HDL entire,lower lower meager,lower readily HDL,lower oil quantities,foods majority eat,lower items HDL,foods high shown,cholesterol raise eat,lower foods group
1030303,who is aziz hashim,hashim Hayshim,aziz Aladdin,hashim Fast,aziz English,hashim Brianna,hashim Aziz,hashim Aziz,aziz Liam,hashim scene,aziz leadership
1136043,difference between a hotel and motel,difference lodges motel,hotel perfect location,hotel difference rooms,hotel upcoming Definition,motel Wynn industry,motel Star Browse,difference York consist,difference Zip consist,hotel lodges guide,hotel Special discounted
1136962,"why did the ancient egyptians call their land kemet, or black land?",egyptians keh flooded homeland aka American desert,ancient Kemet color Nile KMTians thing variation,ancient MET Kemet form yptos Black flooded,land times Aegyptos plain sands Egypt valley,land speaks river derived Land Ta word,call Ancient river Egypt Land built Ham,black keh plain desert homeland Kermet debate,kemet river Egypt mery Land Land call,black Black covered opine left Ancient color,ancient true true Nile flooded dark African
640502,what does it mean if your tsh is low,low condition,tsh gland,tsh overactive,low pregnant,low dropping,low range,low nature,low high,low Cholesterol,tsh hyperthyroidism
156498,do google docs auto save,save save exported work,docs worry turning auto,save OpenOffice Troubleshoot Drawing,auto auto liking auto,docs useless exported imported,docs dropdown link Visit,save exported download titles,auto create receive Docs,google auto save click,docs Google download save
332593,how often to button quail lay eggs,quail day quail move,lay clutch bobwhite Bible,lay eggs weeks give,eggs pets October surroundings,quail surroundings purchasing long,eggs day farmers coturnix,lay oyster inside average,lay lays long bobwhite,quail lays till whilst,eggs start straight nests
1136047,difference between a company's strategy and business model is,company strategy difference business company,strategy verified complex consultants goals,difference plan game difference judged,business strategic clear company proposal,difference management examples sales core,difference difference important plan upsets,model business model proposal plan,company game missions typically advantage,company external profitable external enable,business Answered customers diversified model
67316,can fever cause miscarriage early pregnancy,pregnancy miscarriage early fertilised,fever Brewster low pregnancy,pregnancy confirmed cord weeks,early late loss harm,miscarriage baby pregnancy sad,early happen early loss,fever spotting pregnant stage,early wall occur spinal,fever normal pregnant grieve,fever woman vaginal trimester
