1063750,why did the us volunterilay enter ww1,volunteer enthusiastic British,ww1 australia East,enter australia sizeable,volunteer australia East
148538,difference between rn and bsn,difference register nurse,bachelor science nurse,accredit nurse program bachelor,nation council lisence exam,art science nurse,bachelor burse certificate,difference exam rn bsn,course four degree nurse,difference nurse art nurse,degree bsn nurse course
573724,what are the social determinants of health,social outcomes psychosocial,health richest overlapping,social individual environmental,health culture economic,determinants social cost,social factors behavioral,social Catholic sex,social term influence,determinants included patterning,health socioeconomic syndromes
87181,causes of left ventricular hypertrophy,ventricular lower thickening,ventricular left syndromes,left BVH obese,left heart obese,left ventricle reverse,hypertrophy harder BVH,left improve show,ventricular blood left,hypertrophy left work,hypertrophy High BVH
962179,when was the salvation army founded,founded Assistance Thrift,salvation Madison suitable,founded February Stores,army household Territory,founded expensive Ave,salvation Francisco Army,founded governmental form,army Locations Marketing,army Madison Washington,army Retail Carolina
833860,what is the most popular food in switzerland,popular Featuring Swiss,popular Franc Lionel,popular exchange Switzerland,popular Boys Girls,popular Italian Swiss,popular Swiss contemporary,food rate rcher,switzerland border pizza,popular German German,popular find Polish
1114819,what is durable medical equipment consist of,consist items DME,equipment Description therapeutic,durable items illnesses,durable equipment Service,consist patient therapeutic,equipment conditions therapeutic,durable reusable equipment,equipment primarily serve,durable therapeutic standard,equipment Durable consists
443396,lps laws definition,laws engaged rights,lps law organization,lps ep updates,laws norm organization,laws factors provisions,norms values LLP,laws participate photo,norms prerogative limited,lps institute law,norms law partnerships
451602,medicare's definition of mechanical ventilation,ventilation called,mechanical article,ventilation oxygen,ventilation residential,ventilation Mayer,mechanical lungs,ventilation discusses,mechanical treatment,mechanical residential,mechanical conditioned
915593,what types of food can you cook sous vide,vide Cooker secret vide,vide moist sealer great,food water bath typically,cook food temperature precise,sous Searzall issue moisture,sous veed pouches cooked,vide steak thinking sous,food degrees consistent Depending,food water constant stays,food water precise safety
207786,how are some sharks warm blooded,warm Caribbean hunt,sharks stocky endotherms,sharks whitetip Alton,warm Tiger whitetip,sharks found waters,warm tropical brackish,warm shorelines shallow,blooded cold inside,warm shallow presence,warm inaccurate thinking
19335,anthropological definition of environment,anthropological paleoanthropology empirical,data specialty program,data special Anthropology,anthropological societies importance,data physical discipline,environment theoretical cultural,anthropological field accords,environment development abstract,data Ecological focuses,environment accords importance
359349,how to find the midsegment of a trapezoid,find sides congruent,midsegment pair bases,midsegment Trapezoid Midsegment,trapezoid bisects Learn,trapezoid point properties,trapezoid sum segment,trapezoid transversals length,midsegment midpoints equal,find bases transversals,find parallel bimedians
1133167,how is the weather in jamaica,weather Month,jamaica Montego,jamaica fabulous,jamaica March,weather Middle,weather forecast,jamaica Month,weather forecast
1114646,what is famvir prescribed for,famvir drugs,famvir valtrex,prescribed commonly,prescribed felt,famvir topicals,famvir sores,famvir valacyclovir,prescribed IV,
1117099,what is a active margin,active middle,active Continental,active analysis,margin Active,margin narrow,margin primarily,active sections,margin Margin,margin tool,margin primarily
264014,how long is life cycle of flea,life larva detailed cycle,flea quickly annihilates control,cycle complex ticks dormant,cycle leads female cocoons,cycle discussed complex animal,cycle problem home life,life tips juvenile detailed,cycle hatches annihilates infesting,long white blood larva,long bitten host continuing
490595,rsa definition key,related Java RSA,related party asymmetric,rsa CRYPTOGRAPHY cryptographic,related SSL messages,key getAlgorithm method,related session encryption,key Encoded modulus,related modulus difficulty,rsa level modulus,related obtained Encoded
131843,definition of a sigmet,sigmet pilot,sigmet Meteorological,sigmet sequential,sigmet weather,sigmet convective,sigmet icing,sigmet header,sigmet sand,sigmet forecasting,sigmet turbulence
1106007,define visceral?,define serous,define Examine,visceral important,visceral pleural,visceral membranes,visceral deep,define rootlets,define membranes,visceral cavity,
1037798,who is robert gray,robert truck,robert Closest,gray admits,robert Governor,gray Captain,robert Broughton,gray Area,robert praises,gray British,robert surprise
156493,do goldfish grow,grow true,grow goldfish,goldfish Comets,goldfish grow,grow docile,goldfish Koi,grow Fancy,goldfish photo,grow single,grow normal
489204,right pelvic pain causes,pain pain,pelvic common,pelvic nearby,pelvic caused,pain Bowel,pain illness,pelvic include,pain back,pain Bladder,pain women
1121709,what are the three percenters?,percenters disaccharide,percenters potassium,percenters sodium,percenters taxpayers,percenters magnesium,percenters poorer,percenters declined,percenters identify,percenters HuffPost,percenters paid
146187,difference between a mcdouble and a double cheeseburger,cheeseburger burgers reported cheeseburger,double pickles slices carry,cheeseburger bewilderment burgers Dollar,cheeseburger Chicken previously cheese,mcdouble scratching cheeseburger winced,cheeseburger cheeseburger patties cheeseburger,mcdouble cheeseburger head cheese,mcdouble cheeseburger reported basic,mcdouble cheese ketchup pay,difference previously head glance
405717,is cdg airport in main paris,paris Charles sixth busiest,paris city toussus CAI,city mb door BVA,airport ORY De city,cdg RATP kilometers Le,cdg Heathrow Le Gaulle,airport Paris flights Gaulle,city overview orlyval Airport,cdg million instructions RER,cdg Cairo BVA arrival
1124210,tracheids are part of,part wood,tracheids hard,tracheids tracheary,tracheids xylem,part ratio,part Vessels,part woody,tracheids parts,tracheids fibres,tracheids companion
1110199,what is wifi vs bluetooth,wifi time,bluetooth Bluetooth,wifi SolvedWi,wifi hacker,bluetooth port,wifi Arrival,bluetooth sound,bluetooth repeater,bluetooth Tablet,bluetooth disk
527433,types of dysarthria from cerebral palsy,palsy Gehrig stroke,dysarthria dystrophy Dysarthria,dysarthria learning multiple,dysarthria speech Parkinson,cerebral occur children,cerebral brain turn,cerebral increased result,cerebral jerky motion,dysarthria speech apraxia,dysarthria issues palsy
855410,what is theraderm used for,theraderm approach actively draw rough Skin,theraderm expertise site choice founded clinical,theraderm founded fine application dermatologists plastic,theraderm ingredient younger surgeon younger Beckman,theraderm Dr live fine approach expertise,theraderm founded doctor driven Arkansas case,theraderm ingredient lanolin lanolin Beckman draw,theraderm Beckman Beckman Skin Beckman approach,theraderm brand ability wool chemical image,theraderm received image product care chemical
104861,cost of interior concrete flooring,interior lay Floors slightly,interior home areas areas,interior office pour lot,interior psi exterior dollars,interior installation yard professional,interior job simple ideas,flooring Floors company installation,concrete healthcare stained yard,cost exterior design beautiful,concrete videos interior acid
1103812,who formed the commonwealth of independent states,independent Wilson independent Empire,states Pennsylvania CITE ADD,independent LIST grouping called,states Britain Union Kingdom,formed independent Soviet Zealand,commonwealth issued brokeup USSR,states officially republic map,independent community powerless republic,independent Ukraine made state,formed international formed peace
183378,exons definition biology,exons VI glycophorin,related mature glycophorin,exons logos related,biology acid acid,related exon gene,related portion gene,related essential Mutations,related nucleic mature,exons represented intron,biology Richard glycophorin
47923,axon terminals or synaptic knob definition,knob neuron knobs voltage Correct,knob vesicles Cleft ion potentials,terminals swollen terminals vesicles dendrites,knob ends synaptic term Incorrect,knob knobs located axon reaches,knob ends rounded receiving neuron,axon axon located bounded axon,synaptic recipient action rendered terminals,axon Receptor bounded neuron potentials,definition action muscle neural channels
87452,causes of military suicide,suicide suicide,military discharged,suicide rate,military compared,suicide reported,military prescription,military Task,suicide deployment,suicide experts,military shockingly
1129237,hydrogen is a liquid below what temperature,liquid vaporization odorless,liquid heavier helium,temperature sales takes,liquid data boiling,liquid unusually extremely,hydrogen standard rocket,hydrogen liquid chart,hydrogen temperature key,liquid compressing variety,temperature price matter
1113437,what is physical description of spruce,physical true evergreen,spruce means scientific,spruce pines needle,physical leaves trees,spruce Oregon varieties,physical feet red,description genus boreal,spruce Douglas growth,description kind native,description true red
182539,example of monotonic function,function Function,monotonic solidify,monotonic equals,function nondecreasing,function Function,monotonic polynomials,monotonic nondecreasing,monotonic nonincreasing,monotonic maintained,monotonic sign
1115776,what is an aml surveillance analyst,analyst laundering,aml Analyst,analyst Analyst,analyst positions,aml Aml,analyst opportunity,analyst CIP,aml anti,aml posted,analyst maintaining
130510,definition declaratory judgment,judgment claimed,judgment terms,judgment rights,judgment demand,judgment agree,judgment award,declaratory relief,judgment requested,judgment ongoing,declaratory duties
1121402,what can contour plowing reduce,reduce Terraces effective,reduce gullies farming,contour rainwater plowing,plowing rills heavy,contour gullies ploughing,reduce reduce ploughing,plowing make contoured,reduce erosion page,reduce rills erosion,plowing land contoured
168216,does legionella pneumophila cause pneumonia,legionella worse type,legionella Chlamydia called,pneumonia psittaci pneumophila,legionella atypical Mycoplasma,legionella infection bacterial,legionella disease bacterial,pneumophila syncytial genus,legionella Chlamydophila Mycoplasma,legionella Streptococcus Chlamydia,pneumophila atypical water
1112341,what is the daily life of thai people,daily entered depending Rice,life based friends Chicken,daily diet fun jasmine,life Percent YEN higher,thai jasmine Daily Values,thai chat frustration Rice,thai back important Daily,people users chat Restaurant,life Percent inside Thai,thai error Restaurant hai
324585,how much money do motivational speakers make,make Poll merchandising audience,speakers inspirational inspirational speaker,motivational make year intended,money professional owe performance,speakers Daniel motivational Eric,money audience job programs,speakers Incentive sell earns,speakers Poll money public,motivational audience good performance,make speaker Top South
1121353,what can you do about discrimination in the workplace in oklahoma city,discrimination Legal wage discriminatory,city time discrimination workplace,discrimination employer accommodation laws,workplace employer workplace Prejudice,discrimination Advice cases employer,discrimination gay prohibits hard,oklahoma Advice loss harassment,workplace Chipotle Local workplace,oklahoma complicated Prejudice treating,workplace protects rights protects
1106979,define pareto chart in statistics,pareto summarize illustrates,chart centaury graphically,chart Tip working,statistics range graphically,chart principles charts,statistics characterize post,chart Whisker Purpose,statistics state median,chart based Economist,statistics statistics Vilfredo
121171,define etruscans,etruscans strong bce hilltop,etruscans Italic Etrusco Orientation,etruscans culture powerful Arno,etruscans west subject Asian,etruscans build gave Romulus,etruscans south settlement requested,etruscans Tiber gave powerful,etruscans invaded Romans Asia,etruscans edge Sybille pronunciation,etruscans Italy Define real
911232,"what type of conflict does della face in o, henry the gift of the magi",gift Gift irony couple solves sell,magi Mme buy meaningful sell Necklace,face Christmas opposite independently Magi furnished,magi wisest eighty present Gift called,della Magi buy faced meaningful problem,magi eighty afford based watch Jim,della Gift Della intend identifies st,magi Jim point conflict supposedly Magi,magi Jim end matter eighty moment,conflict action solves narrator sell Christmas
1043135,who killed nicholas ii of russia,killed led Paul Alexei,ii abdication Nikolaevich vow,russia tsar revolutionary squad,russia Pavlovna buried Empress,ii Alexander revolutionary tsar,nicholas firstborn Pushkin Pushkin,ii eventful emperor Kassel,killed refer tsar St,killed emperor Bolsheviks revolutionary,killed II control centuries
330975,how much would it cost to install my own wind turbine,turbine wind average provided,install considerably exposed otal,wind typical kilowatts onshore,wind install regional average,install generate renewable civil,install financing mW nameplate,turbine location turbines equipment,wind site today wind,cost kW wind clean,install vary energy million
1116380,what is a nonconformity? earth science,earth rock,nonconformity layers,earth layers,earth Earth,earth nonconformity,earth term,earth Proper,earth erosional,earth term,nonconformity pages
1064670,why do hunters pattern their shotguns?,hunters opt makes,hunters place hunters,pattern learn rifle,pattern hunters means,pattern makes density,shotguns shoot familiarized,pattern due capture,pattern range patterning,hunters ammunition Choke,hunters love shoot
1122767,what amino produces carnitine,carnitine carnitine configuration,produces disorders late,amino arsenal Lyme,carnitine Nutrients due,amino acid compound,amino Introduction amino,amino carnus methionine,carnitine significant technically,amino acid Acetyl,amino ability lysine
877809,what metal are hip replacements made of,hip procedures arthritic surgically,replacements treatment implant surgery,made procedures Hospital components,hip BoneSmart replacements removed,replacements replacements implant replacements,metal joint surgically arring,metal surgically surgically options,made components doctor socket,hip artificial socket failed,hip metal plastic prosthetic
1071750,why is pete rose banned from hall of fame,pete hit Hall believes Cooperstown,banned controversies induction betting reaction,banned revelations bold baseball Rose,hall Buster baseball Hall banned,hall Charlie Fame Jr game,fame Rose marks McMullen Hall,hall time denied Cueto Editor,pete Gonzalez jeopardized player Olney,rose leader news game Gonzalez,pete Fame Cooperstown Fame sport
1113256,what is reba mcentire's net worth,net Mar Mcentire Share,worth Nell oct Nell,mcentire success circuit broken,reba Red Worth Nell,reba ve songwriter Globe,mcentire Nell McAlester Reba,mcentire Net artists Reba,worth estimated actress Reba,mcentire popular Net songwriter,worth singer jackie artists
940547,when did rock n roll begin?,rock love music,roll creation lived,rock rhythm country,begin blues broke,rock blend Sex,roll superstardom roll,roll blues TURNED,rock good international,begin experience real,rock American enhanced
47210,average wedding dress alteration cost,alteration impossible fabrics needed difficulty,average expertise Bridal cost wedding,dress dress dress complexity additional,wedding completed added upwards ultimately,dress gown price effort regret,dress effort wedding front dress,alteration complexity determine complexity Comment,cost dress cost layers cost,average bottom expertise cost ultimately,dress completed handled thumb gown
23849,are naturalization records public information,citizenship frequently citizenship Records,citizenship Online ceritificate Records,records birth unlisted CIC,records unlisted progress census,information packages Public progress,citizenship contact naturalization book,information census Public personal,information application Allenstown listings,public Records NH identification,public Administration information La
1131069,how many sons robert kraft has,sons Robert doesnt,kraft Joshua fortune,kraft owned Robert,sons Robert assets,robert Swaby David,robert businessman businessman,kraft er business,kraft Robert paper,sons Massachusetts Jonathan,robert Robert Joshua
914916,what type of tissue are bronchioles,tissue maintain,tissue rare,bronchioles read,tissue airways,bronchioles beginning,bronchioles snails,tissue terans,tissue zone,tissue airways,tissue constrictive
1115210,what is chaff and flare,chaff flare,flare straw,flare decoys,chaff Deployment,chaff missiles,chaff set,chaff Esterline,chaff Approximate,chaff line,chaff Machine
174463,dog day afternoon meaning,afternoon innova hot,afternoon dog adjective,day dig terribly,afternoon day puppy,afternoon kids energy,afternoon dog Full,day orijen terribly,day language rights,day energy terribly,day English day
1127540,meaning of shebang,shebang situation slang Unix,shebang shanty fell situation,shebang entire entire involved,shebang consideration shebang involved,shebang phrase distribution interpreter,shebang paying large located,shebang shack slang involved,shebang path group chairman,shebang contrivance bash care,shebang facts dinner affair
405163,is caffeine an narcotic,narcotic analgesic,narcotic mood,caffeine fioricet,narcotic combinations,narcotic headaches,caffeine es,caffeine Convention,narcotic caffeine,narcotic butibital,caffeine fioricet
1109707,what medium do radio waves travel through,waves mechanical examples involves,waves collide pressure EM,medium space water wave,medium ocean electromagnetic molecules,waves composed electric radio,travel spring km wa,travel oscillating wa thrown,medium particles solids tune,radio require transverse energy,waves section molecules air
390360,ia suffix meaning,suffix phrenoblabia,suffix terms,suffix process,suffix sleeplessness,suffix tic,suffix suffix,suffix pontobulbia,suffix regard,suffix phrenoblabia,suffix conditions
118440,define bmt medical,treatment doctor,bmt protein,treatment forming,treatment goals,treatment bismuth,treatment types,treatment Tage,treatment morbidity,bmt abuse,bmt Pretreatment
997622,where is the show shameless filmed,shameless Showtime film,show film casting,filmed season version,filmed Chicago primarily,show Good version,shameless primarily aired,shameless neighborhood PD,filmed Sleepy film,filmed ve show,filmed day ran
258062,how long does it take to remove wisdom tooth,tooth give anesthetic efore,remove hours surgery tissue,long make jaw Wisdom,wisdom high teeth Tooth,long Thread heal groove,wisdom heal Tooth Removal,long extra Removal hurts,tooth harder teeth easier,remove Removal gum ago,wisdom lasts time holes
938400,when did family feud come out?,family Celebrity,feud Season,feud Todman,feud monitor,family based,family Questions,family Stay,family latest,feud Celebrity,feud primetime
169208,does mississippi have an income tax,mississippi exempt subject,tax Income deductions,mississippi Tax bonus,tax Tax growth,tax spread Gulfport,tax remaining jointly,income bonus subject,mississippi Unlike political,mississippi Federal earned,tax retirement Gains
1051399,who sings monk theme song,sings Questions sings theme,monk Confidence theme Newman,theme end votes song,sings Randy WWE tv,sings Jungle promise OC,monk song Remy sings,song Smallvile Jeff Randy,monk Randy Remy show,monk Band artist song,song Newman search Jungle
730539,what is chronometer who invented it,chronometer longitude,chronometer establishing,invented Elusive,chronometer British,chronometer accurate,chronometer invention,invented England,chronometer solving,chronometer air,invented celestial
135802,definition of laudable,laudable praised donates morally laudable,laudable admirable save present charity,laudable definition Pentateuch charity Meaning,laudable world charity actions praiseworthy,laudable charity desire catholic Times,laudable increase principle definition world,laudable children thing translations sources,laudable noxious charity refers sources,laudable charity proper praised morally,laudable refers charity noxious present
1037496,who is rep scalise?,rep Steve,scalise Louisiana,rep Supremacist,scalise Democrats,scalise Day,rep post,rep Mistake,rep Senators,rep serving,rep Rep
1105792,define: geon,geon primitive Tinkertoy encyclopedias,geon hypothetical objects packet,geon Miscellanea hypothetical Geon,geon Xbox rabbis Photos,geon gravitational physics games,geon strong primitive encyclopedias,geon geology physics oriented,geon medieval wave hypothetical,geon series geonim energy,geon hypothetical wave psychology
1108651,what the best way to get clothes white,clothes cotton,clothes clothes,white vinegar,clothes Carbona,white make,white wine,clothes make,white dyes,white Tweet,clothes soft
42255,average salary for dental hygienist in nebraska,nebraska growth working Dental Hygienist,average grown Dental grown median,average number United growing job,hygienist earn Labor market Yearly,dental Yearly slower Salary year,nebraska Yearly Dental real Nebraska,dental increased annum Nebraska United,nebraska increased Dental growing country,hygienist earn typically average Salary,hygienist Nebraska faster Learn grown
141630,describe how muscles and bones work together to produce movement,work skeletal attached action surpriseyou called,work flexes moves support pairs origin,produce muscles vertebrate work tendons body,movement produce moves antagonism names shorten,describe produce pulling origin flexes body,bones tendons produce rubbing provide muscles,muscles stability work body rubbing upof,muscles tissues elongated role prevents contraction,muscles moves bones push motion type,describe contraction produce moves Groups joint
673670,what is a alm,alm ALM server KJV boxes,alm server INT giving English,alm integrates integrates version deployed,alm boxes install install AFS,alm deployed Nglish speakers Client,alm patch advance server compares,alm enabling server deployed latest,alm core loader comprehensive platform,alm ritual machine link created,alm party directory server Translation
1110678,what is the un fao,fao Plc Food FAO Schwarz Charlie,fao bought products lost nutrient Wayne,fao Seniors Cereals mapping Schwarz Committee,fao Rotterdam international Agroecology Finish Brand,fao institutions sold Agencies level Organisation,fao deforestation agriculture tourists WFP WFP,fao landscape mainstream fortification gawk seller,fao Toys City disclose Rome ThreeSixty,fao Cereals recently fortified nutrient Schwarz,fao store strategy owns ThreeSixty CRC
1133579,how does granulation tissue start,granulation fibroblasts rebuild,start collagen forms,granulation blood chest,start fade wound,start catheter comprises,start blood supply,tissue tissue damaged,granulation flesh swallowing,tissue inside support,tissue inside components
701453,what is a statutory deed,deed implication,statutory authorized,statutory formtatutory,deed Deed,statutory statuteso,deed buyer,deed statute,deed affected,statutory state,statutory means
583468,what carvedilol used for,carvedilol MG hypertension pump succinate,carvedilol Carvedilol intervals pulse Heart,carvedilol mortality Learn MERIT Swedberg,carvedilol MG toxic vessels weeksarvedilol,carvedilol capsules lowering note Heart,carvedilol sirve Wilson Amlodipine metoprolol,carvedilol blockers taking blockers blockers,carvedilol beta sold drug Canines,carvedilol para prescribed important important,carvedilol relax capsules receive chronotropic
768208,what is mamey,mamey naturally oven papaya,mamey native fruit evergreen,mamey sapota sapota American,mamey definition tropic Coconut,mamey beloved deciduous deciduous,mamey American cultivation Rica,mamey including Rawngas deciduous,mamey garden branches Sapote,mamey tasted found version,mamey found Mexico simply
336901,how old is vanessa redgrave,vanessa Kempson,vanessa actress,redgrave die,redgrave actors,vanessa actors,redgrave Vanessa,vanessa actors,redgrave ini,vanessa interview,vanessa bearer
1132532,average annual income data analyst,analyst October expected Source median,annual IL median data salary,income BLS decisions today data,data paying Market plan class,annual HR professional analysts HR,annual business paying average median,income Statistics made typical line,annual projected salary bureau tenth,analyst District wage class HR,average jobs middle level typical
555530,what are best foods to lower cholesterol,cholesterol makes LDL,foods absorb diet,lower lower numbers,foods amounts details,foods Examples great,lower inconsiderable ideally,cholesterol free lower,foods amt LDL,lower enjoy snacks,foods HDL Examples
1030303,who is aziz hashim,hashim franchisees,aziz franchising,hashim generous,hashim FacebookShare,hashim Rallys,hashim Frisch,hashim IFA,aziz travellers,hashim Restaurants,aziz BrightStar
1136043,difference between a hotel and motel,motel Hostel motel,difference pool definition,hotel Springfield difference,hotel hotels History,difference York hotels,motel hotels Browse,difference hotels History,hotel cheap cheapest,difference hotels Fire,motel hotels difference
1136962,"why did the ancient egyptians call their land kemet, or black land?",ancient Egyptians beneath means keh strongly oved,ancient mery beloved Egypt soil reference Land,black keh Noah today bel Egyptians fertile,call Black Ancient Deshret claim Ta graves,egyptians keh Ancient covered Aigyptos Abuse deposited,call Deshret Nile Ta Related soil fields,land hieroglyphs Aegyptos keh Related sands Nile,kemet official Black Ta uote KMT country,land Quote Quote keh found Ta sands,egyptians people Nile Melanin river call professionals
640502,what does it mean if your tsh is low,tsh test,tsh normal,low common,low TSH,tsh Low,low generally,tsh normala,tsh depending,low hypothyroidism,tsh thyroid
156498,do google docs auto save,google Docs revisions enabled,google icon save dropdown,google editor click Word,auto click access instantly,docs green Dave document,google upload back freezes,auto Actions Edits click,docs editor png Google,docs Edits Megan Facebook,google menu png Viewer
332593,how often to button quail lay eggs,quail eggs pets breed,lay birds large clutch,lay year domestic eggs,quail domestic nests advice,quail lays lot chicken,quail bobwhite lose day,eggs nests follow eggs,quail day light button,button birds lays btn,lay meaning average comen
1136047,difference between a company's strategy and business model is,company competitive requires earns illustration,strategy business iStock model strategy,strategy answer formulated Media model,difference clear proposal goals additional,strategy management interrelated sustainable proposal,difference Company sales plan winning,company hurdles plan game employee,difference tool difference advantage explains,model difference interrelated elements proposal,model definitions market generates business
67316,can fever cause miscarriage early pregnancy,fever cord responsible early,pregnancy late cord temperature,miscarriage threatened spotting abortion,early common Signs heavy,pregnancy Signs feel spotting,fever trimester pregnancy pregnancy,early weeks pregnancy bleeding,miscarriage months defects stage,miscarriage pregnancy Overview called,early pain happen mental
