915593,what types of food can you cook sous vide,vide sous extent bag,vide fact BPA mis,vide cooking wildest temperature,vide recipes concept work,cook lower technique plastic,cook special Vacuum Food,food Food Slow extent,sous Precision immersed sealed,sous cooking method watermelon,sous pot association sous
794429,what is sculpture shape space,sculpture renaissance architecture,shape distal tradition,space paint artist,sculpture baroque movement,surround space energy,spiral vortex space,gothic style sclupture,space dynamic century,spiral dimension dystal,space electrode ecstasy
801118,what is supplemental security income used for,suppliment social administration,security older blind,income disable limit,security finance month,suppliment payment million,security american benefit,income tax federal,security fund payroll,income resource people ,suppliment deny florida
190044,foods to detox liver naturally,food diet health suppliment,detox flavor berry rich,liver double strength shark,nature guide cleanse cod,food sugar profile garlic ,detox cod odorless double,liver garlic antioxidant flavor,nature health suppliment guide,food cleanse antioxidant berry,detox health strength antioxidant
451602,medicare's definition of mechanical ventilation,ventilation means,ventilation achieve,ventilation Mechanical,ventilation climate,mechanical term,ventilation replace,ventilation Weight,mechanical blowers,mechanical illness,mechanical Mechanical
177604,eating foods that are considered warm,eat food chain damage,food consider extinct global,eat warm affect pollution,food eat human sustainable,food consider care source,warm eat sustainable damage,eat food simmer vegetable,consider food olive oil broth,wam eat care human,consider warm source pollution
966413,where are the benefits of cinnamon as a supplement?,benefit cinnamon herb,suppliment fenugreek cinnamon,benefit extract health,cinnamon pill NCCIH,benefit herb pressure,cinnamon turmeric cardamom,suppliment garlic benefit,cinnamon yeast diet,benefit suppliment extracts,cinnamon health basil
588587,what causes heavy metal toxins in your body,cause quail egg remove good,heavy blood liver stone bladder,metal kidney allergy reaction hypoallergenic,toxin diathesis environment parkinson disease,body scientist expose pestiside risk,cause elevate failure major excretory,heavy organ body retention calcium,metal phosphorous watre inefficient thirst,toxin urination excessive infection weight,body toxin deprivation trauma breathe
1108939,what slows down the flow of blood,slow mechanism flow cotrol ,down organ pressure vessel,flow stretch branch organ,blood supply effect normal,slow dilate increase develop,down baby dark red ,flow cell traffic blood,blood relax exertion dizzy,slow flow organ supply,down pressure vessel system
507445,symptoms of different types of brain bleeds,symptom stem stroke control function,different breathe swallow balance blockage,type brain vital symptom diagnosis,brain injury bleed heavy hemoearage,bleed heart stable symptom scan,symptom cerebral palsi motor oral,bleed brain cerebral stable symptom,brain injury motor gross skill,type malformation palsi damage lukomalacia,different disgenesis intraventricular damage brain
527433,types of dysarthria from cerebral palsy,cerebral severity common,dysarthria limited impairments,palsy Spastic Cerebral,cerebral dystrophy weakness,cerebral ataxic characterized,cerebral voluntary type,palsy Spastic outwardly,dysarthria muscular involves,cerebral dystrophy Spastic,dysarthria called Cerebral
1056204,who was the first steam boat operator,first invent steam robert,steam fulton boat robert,boat engineer current design,operator practical commercial purpose,first steam grader motor,steam shovel engineer commercial,boat seam operator america,operator practical purpose time,first invent steam robert,steam fulton design engine
1114646,what is famvir prescribed for,famvir famciclovir,famvir acyclovir,famvir cold,famvir ob,prescribed HSV,prescribed intravenous,famvir cmv,prescribed healthcare,prescribed respond,famvir speed
264403,how long is recovery from a face lift and neck lift,long recovery design lift contour ,recovery face area profession easy,face lift design area disk,lift neck facet easy pinch,neck lift chin design contour,lift long serum sag comfort,long recovery fold black facet,recovery face common major contour,face neck fold chin lift,neck long double loose sag
87452,causes of military suicide,military recent,suicide published,suicide homelessness,suicide committed,military accidents,military peers,suicide payable,suicide Military,suicide Pentagon,suicide row
489204,right pelvic pain causes,pain region,pelvic Depending,pain appendicitis,pelvic Pain,pelvic muscles,pain symptoms,pelvic Pain,pelvic Abdominal,pain common,pelvic fibroids
182539,example of monotonic function,function preserves,function Monotonic,monotonic nondecreasing,function input,monotonic definition,monotonic subset,function values,function SQL,monotonic Function,monotonic defined
537817,vitamin e anti scar,vitamin eczema acidic,anti bacteria infection,scar heal lighten,vitamin bacteria skin,anti bacteria infection,scar benefit hair,vitamin skin elastic,anti tissue wrinkle,scar prevent acne,vitamin face damage
86606,causes of gas in large intestine,cause air stomach gas,gas swallow burp fart ,large flatulence bacteria gas,intestine digest enzyme stomach,cause produce swallow break,gas food intestine burp,large fart digest gas,intestine chemical microbe produce,intestine flatulence produce swallow,gas bacteria enzyme air
88495,causes of stroke?,cause block,stroke blood,cause flow,stroke brain,cause damage,stroke nerve,cause face,stroke mouth,cause tongue,stroke throat
877809,what metal are hip replacements made of,made socket bones titanium,replacements hip metal arthritic,metal relief big recalled,metal steel socket joint,made replacement ball years,hip resurfacing prosthetic include,made made surgeries recommend,metal devices properly components,replacements removed expected steel,metal metal artificial head
554515,what are achieved and ascribed statuses?,achieve james marcia,ascribe four identity,statuses crisis commitment,achieve postconformist ego,ascribe foreclosure moratorium,statuses identity crisis,achieve confusion james,ascribe marcia ego,statuses four identity,ascribe postconformist moratorium
1065636,why do some places on my scalp feel sore,places bump glass skin,scalp scar white ball,feel warm tingly hair,sore blood vitamin diet,places psoriasis scalp warm,scalp scar bump skin,feel plaque symptom white,sore hair tingly glass,scalp warm psoriasis hair,sore plaque vitamin diet
1133485,how does vitamin c helps,vitamin zinc,help copper,vitamin burn,help iron,vitamin heal,help stress,vitamin injury,help infection,vitamin diet,help nutrition
166046,does ethambutol treat bone infection,ethambutol ciprofloxacin bone joint,treat endocarditis malignant bacteria,bone externa respiratory urinary,infection anthrax chancroid joint,ethambutol otitis treat bacteria,treat respiratory endocarditis prostatitis,bone treat viral malignant,infection anthrax malignant joint,treat endocarditis ciprofloxacin bone,infection extrena infection viral
655914,what drives poaching,drive egg,poach calorie,drive sodium,poach nutrition,drive meal,poach boil,drive oil,poach delicious,drive honey,poach watercrest
730539,what is chronometer who invented it,chronometer marine,chronometer instrument,invented block,chronometer marine,chronometer sea,invented marine,chronometer Omega,invented astrolabe,chronometer travel,chronometer Arnold
67316,pregnancy miscarriage early fertilised,fever Brewster low pregnancy,pregnancy confirmed cord weeks,early late loss harm,miscarriage baby pregnancy sad,early happen early loss,fever spotting pregnant stage,early wall occur spinal,fever normal pregnant grieve,fever woman vaginal trimester,
144862,did prohibition increased crime,prohibit intent general ,increas illegal conviction,crime violance federal,prohibit prosecution commit,increas intent illegal,crime federal conviction,prohibit unlawful control,increas judge liability,crime intent judge unlawful,prohibit convicton federal
1106007,define visceral?,define visceral,visceral peritoneal,define parietal,define shiny,visceral reflexive,define instinctive,define Identify,define instinctive,visceral defined,define nervous
883915,what other brain proteins can cause dementia,brain protein vascular stroke,protein cause blood circulate,cause dementia cognitive impair,dementia brain cognitive alzheimer,brain protein infarct vascular,protein cause death blood ,cause dementia clot stroke,dementia brain circulate protein,brain protein alzheimer infarct,dementia brain cognitive alzheimer
443396,lps laws definition,norms law moral,lps Imperative formed,laws Generally norms,norms situations time,norms principles situations,lps formalized group,laws lp allowing,lps cover conflicting,laws Ethyl folkway,lps deviance formed
1117817,what does unauthorized act in writing mean,unauthorized act misuse legislation,act writing cybersecurity access,writing mean illegal criminal,mean unauthorized privacy ethics,unauthorized act regulation civil,act writing integrity ethics,writing mean information procurement,mean unauthorized legislation 1990 ,unauthorized act illegal privacy,act mean trade secrets
1049519,who said no one can make you feel inferior,said status social,feel deprive peer,inferior limitation mental,said discrimination complex,feel insecure lonely,inferior correlation attach,said low embrace,feel sense control,inferior emotion complex,inferior deprive social
705609,what is a virus made of,virus protein,made HIV,virus vaccine,made peptide,virus nucleotide,made gene,virus reveal,made variation,virus amino,made RNA
1108100,what type of movement do bacteria exhibit?,movement fibre lime ,bacteria overlap symptom,exhibit borellia morgellon,movement taxonomy phylogeny,bacteria archaea fibre,exhibit symptom skeletal,movement cardiac voluntary,bacteria borellia cardiac,exhibit movement archaea,bacteria fibre body
47923,axon terminals or synaptic knob definition,axon conduct knobs vesicles neuron,knob areas referred terminals knobs,synaptic axon Presynaptic ends located,synaptic ends axon term myoneural,synaptic dendrites noun part axon,terminals synaptic travel commonly membrane,synaptic cell knobs action terminals,knob sheath neurotransmitter effector terminals,synaptic located distal ends synapse,knob effector synapse body terminals
174463,dog day afternoon meaning,afternoon Sign afternoon,dog Flickchart tickets,day day Red,afternoon Jesus dogs,dog dogs movie,dog Additionally refer,dog Enter Cowboy,dog naps learners,day Dean high,day theaters commentary
332593,how often to button quail lay eggs,quail day quail move,lay clutch bobwhite Bible,lay eggs weeks give,eggs pets October surroundings,quail surroundings purchasing long,eggs day farmers coturnix,lay oyster inside average,lay lays long bobwhite,quail lays till whilst,eggs start straight nests
1109707,medium angles vacuum ve,travel travel medium fields,radio sound creating medium,radio rope magnetic radio,medium radio mechanical kerry,medium extent electromagnetic radio,radio electric ve travel,radio medium electromagnetic form,radio electric particles radio,waves travel momentum frequency,
1136769,why does lacquered brass tarnish,lacquered examine coat ,brass clear cover,tarnish brass clean,lacquered coat polish,brass soft chemical,tarnish coat lacquered,lacquered polish soft ,brass cover metal,tarnish prevent metal,brass oxidize golden
1056416,who was the highest career passer rating in the nfl,highest phillip martin career football,highest phillip martin career football,passer nfl defense bruce america,rating highest quarterback leader league,nfl passer defense season yard,highest footbal national quarter touchdown,career highest yard shane bruce,passer quarterback league kane steve,rating play league stat america,nfl national giant york football
1112341,people people SANUK Thailand,thai eat rapcore lose,daily villages Thai seek,thai Values northeast hunted,people check comprehend official,thai language Yoy native,thai family background Tai,life official Day directly,daily Nutrition anger start,daily subject diet language,
315637,how much does it cost to go to alabama university,cost scholarship attract,alabama southern renowned,university admission alaska,cost attract thousand,alabama primary fellowship,university cahaba birmingham,cost top lifestyle,alabama sport medicine,university alaska arizona,cost fellowship confederate
1103812,who formed the commonwealth of independent states,independent Tasmania republic states,independent Great status regard,states Soviet features allegorical,commonwealth independent common independent,independent COGs states hosted,independent joined sovereign independent,states states individually Belovezh,independent Queen states Malta,formed political states Court,independent versus Soviet LIST
673670,what is a alm,alm loader Lifecycle alms HP,alm externally Client management synonyms,alm integrates monitored server install,alm Abbreviated results Client deeds,alm distributing Translation quality export,alm LoadRunner Domain results activity,alm LoadRunner product Start users,alm defined Client machine export,alm deployed Workaround benefaction Web,alm rhyme antonyms AKO Central
1103153,who is thomas m cooley,thomas law,cooley school,thomas brenan,cooley chief,thomas justice,cooley michigan,thomas court,cooley admission,thomas mcintyre,cooley jurist
19335,anthropological definition of environment,anthropological concerned field,data range perspectives,data perspectives accords,anthropological field social,data medicolegal Archaeology,data importance application,environment biology scientific,data biology application,anthropological social data,environment cultural dimensions
1105792,define: geon,geon Jeong hypothetical Strawdog,geon primitive objects hypothetical,geon geonim confined meaning,geon held theorized hypothetical,geon simple hypothetical hwa,geon MeSH King Guiyeoni,geon Sino recognized geonim,geon tubing packet polyvinyl,geon external XBLA encyclopedias,geon Character entries boundary
273695,how long will methadone stay in your system,long absorb distribut pivot,methadone system process pill,stay methdone drug absorb,system drug body pill,long system stay route,methadone marijuanna urine nucynta,stay long system hours ,system analgesic vyvance absorb,long pill drug accumulate,methadone urine marijuanna drink